model,cv,rows,features,peak_width_sec_mae,peak_width_sec_median_abs_error,peak_width_sec_r2,peak_width_sec_within_10pct_or_5abs,detection_threshold_mae,detection_threshold_median_abs_error,detection_threshold_r2,detection_threshold_within_10pct_or_5abs,minimum_height_mae,minimum_height_median_abs_error,minimum_height_r2,minimum_height_within_10pct_or_5abs,mean_target_mae
extra_trees,"GroupKFold(arw_md5, n_splits=5)",173,59,5.116883429672445,2.7277777777777885,0.9309197519764465,0.791907514450867,4.735880700064227,1.8976388888888875,0.48319717697600095,0.7861271676300579,4.699465317919073,2.802222222222227,0.6795205830016524,0.6936416184971098,4.850743149218581
random_forest,"GroupKFold(arw_md5, n_splits=5)",173,59,6.2447008170057305,4.071309523809546,0.900792546416596,0.7341040462427746,5.119571578362762,1.984488095238095,0.4323262986443249,0.7225433526011561,5.455939116251978,3.1038756613756604,0.5873775227393041,0.6473988439306358,5.606737170540157
